Year,Team,W,L,T
2019,Packers,13,3,0
2018,Packers,6,9,1
2017,Packers,7,9,0
2016,Packers,10,6,0
2015,Packers,10,6,0
2014,Packers,12,4,0
2013,Packers,8,7,1
2012,Packers,11,5,0
2011,Packers,15,1,0
2010,Packers,10,6,0
2009,Packers,11,5,0
2008,Packers,6,10,0
2007,Packers,13,3,0
2006,Packers,8,8,0
2005,Packers,4,12,0
2004,Packers,10,6,0
2003,Packers,10,6,0
2002,Packers,12,4,0
2001,Packers,12,4,0
2000,Packers,9,7,0
1999,Packers,8,8,0
1998,Packers,11,5,0
1997,Packers,13,3,0
1996,Packers,13,3,0
1995,Packers,11,5,0
1994,Packers,9,7,0
1993,Packers,9,7,0
1992,Packers,9,7,0
1991,Packers,4,12,0
1990,Packers,6,10,0
1989,Packers,10,6,0
1988,Packers,4,12,0
1987,Packers,5,9,1
1986,Packers,4,12,0
1985,Packers,8,8,0
1984,Packers,8,8,0
1983,Packers,8,8,0
1982,Packers,5,3,1
1981,Packers,8,8,0
1980,Packers,5,10,1
1979,Packers,5,11,0
1978,Packers,8,7,1
1977,Packers,4,10,0
1976,Packers,5,9,0
1975,Packers,4,10,0
1974,Packers,6,8,0
1973,Packers,5,7,2
1972,Packers,10,4,0
1971,Packers,4,8,2
2019,Bears,8,8,0
2018,Bears,12,4,0
2017,Bears,5,11,0
2016,Bears,3,13,0
2015,Bears,6,10,0
2014,Bears,5,11,0
2013,Bears,8,8,0
2012,Bears,10,6,0
2011,Bears,8,8,0
2010,Bears,11,5,0
2009,Bears,7,9,0
2008,Bears,9,7,0
2007,Bears,7,9,0
2006,Bears,13,3,0
2005,Bears,11,5,0
2004,Bears,5,11,0
2003,Bears,7,9,0
2002,Bears,4,12,0
2001,Bears,13,3,0
2000,Bears,5,11,0
1999,Bears,6,10,0
1998,Bears,4,12,0
1997,Bears,4,12,0
1996,Bears,7,9,0
1995,Bears,9,7,0
1994,Bears,9,7,0
1993,Bears,7,9,0
1992,Bears,5,11,0
1991,Bears,11,5,0
1990,Bears,11,5,0
1989,Bears,6,10,0
1988,Bears,12,4,0
1987,Bears,11,4,0
1986,Bears,14,2,0
1985,Bears,15,1,0
1984,Bears,10,6,0
1983,Bears,8,8,0
1982,Bears,3,6,0
1981,Bears,6,10,0
1980,Bears,7,9,0
1979,Bears,10,6,0
1978,Bears,7,9,0
1977,Bears,9,5,0
1976,Bears,7,7,0
1975,Bears,4,10,0
1974,Bears,4,10,0
1973,Bears,3,11,0
1972,Bears,4,9,1
1971,Bears,6,8,0
2019,Vikings,10,6,0
2018,Vikings,8,7,1
2017,Vikings,13,3,0
2016,Vikings,8,8,0
2015,Vikings,11,5,0
2014,Vikings,7,9,0
2013,Vikings,5,10,1
2012,Vikings,10,6,0
2011,Vikings,3,13,0
2010,Vikings,6,10,0
2009,Vikings,12,4,0
2008,Vikings,10,6,0
2007,Vikings,8,8,0
2006,Vikings,6,10,0
2005,Vikings,9,7,0
2004,Vikings,8,8,0
2003,Vikings,9,7,0
2002,Vikings,6,10,0
2001,Vikings,5,11,0
2000,Vikings,11,5,0
1999,Vikings,10,6,0
1998,Vikings,15,1,0
1997,Vikings,9,7,0
1996,Vikings,9,7,0
1995,Vikings,8,8,0
1994,Vikings,10,6,0
1993,Vikings,9,7,0
1992,Vikings,11,5,0
1991,Vikings,8,8,0
1990,Vikings,6,10,0
1989,Vikings,10,6,0
1988,Vikings,11,5,0
1987,Vikings,8,7,0
1986,Vikings,9,7,0
1985,Vikings,7,9,0
1984,Vikings,3,13,0
1983,Vikings,8,8,0
1982,Vikings,5,4,0
1981,Vikings,7,9,0
1980,Vikings,9,7,0
1979,Vikings,7,9,0
1978,Vikings,8,7,1
1977,Vikings,9,5,0
1976,Vikings,11,2,1
1975,Vikings,12,2,0
1974,Vikings,10,4,0
1973,Vikings,12,2,0
1972,Vikings,7,7,0
1971,Vikings,11,3,0
2020,Lions,5,9,0
2019,Lions,3,12,1
2018,Lions,6,10,0
2017,Lions,9,7,0
2016,Lions,9,7,0
2015,Lions,7,9,0
2014,Lions,11,5,0
2013,Lions,7,9,0
2012,Lions,4,12,0
2011,Lions,10,6,0
2010,Lions,6,10,0
2009,Lions,2,14,0
2008,Lions,0,16,0
2007,Lions,7,9,0
2006,Lions,3,13,0
2005,Lions,5,11,0
2004,Lions,6,10,0
2003,Lions,5,11,0
2002,Lions,3,13,0
2001,Lions,2,14,0
2000,Lions,9,7,0
1999,Lions,8,8,0
1998,Lions,5,11,0
1997,Lions,9,7,0
1996,Lions,5,11,0
1995,Lions,10,6,0
1994,Lions,9,7,0
1993,Lions,10,6,0
1992,Lions,5,11,0
1991,Lions,12,4,0
1990,Lions,6,10,0
1989,Lions,7,9,0
1988,Lions,4,12,0
1987,Lions,4,11,0
1986,Lions,5,11,0
1985,Lions,7,9,0
1984,Lions,4,11,1
1983,Lions,9,7,0
1982,Lions,4,5,0
1981,Lions,8,8,0
1980,Lions,9,7,0
1979,Lions,2,14,0
1978,Lions,7,9,0
1977,Lions,6,8,0
1976,Lions,6,8,0
1975,Lions,7,7,0
1974,Lions,7,7,0
1973,Lions,6,7,1
1972,Lions,8,5,1
1971,Lions,7,6,1
2019,Seahawks,11,5,0
2018,Seahawks,10,6,0
2017,Seahawks,9,7,0
2016,Seahawks,10,5,1
2015,Seahawks,10,6,0
2014,Seahawks,12,4,0
2013,Seahawks,13,3,0
2012,Seahawks,11,5,0
2011,Seahawks,7,9,0
2010,Seahawks,7,9,0
2009,Seahawks,5,11,0
2008,Seahawks,4,12,0
2007,Seahawks,10,6,0
2006,Seahawks,9,7,0
2005,Seahawks,13,3,0
2004,Seahawks,9,7,0
2003,Seahawks,10,6,0
2002,Seahawks,7,9,0
2001,Seahawks,9,7,0
2000,Seahawks,6,10,0
1999,Seahawks,9,7,0
1998,Seahawks,8,8,0
1997,Seahawks,8,8,0
1996,Seahawks,7,9,0
1995,Seahawks,8,8,0
1994,Seahawks,6,10,0
1993,Seahawks,6,10,0
1992,Seahawks,2,14,0
1991,Seahawks,7,9,0
1990,Seahawks,9,7,0
1989,Seahawks,7,9,0
1988,Seahawks,9,7,0
1987,Seahawks,9,6,0
1986,Seahawks,10,6,0
1985,Seahawks,8,8,0
1984,Seahawks,12,4,0
1983,Seahawks,9,7,0
1982,Seahawks,4,5,0
1981,Seahawks,6,10,0
1980,Seahawks,4,12,0
1979,Seahawks,9,7,0
1978,Seahawks,9,7,0
1977,Seahawks,5,9,0
1976,Seahawks,2,12,0
2019,Cardinals,5,10,1
2018,Cardinals,3,13,0
2017,Cardinals,8,8,0
2016,Cardinals,7,8,1
2015,Cardinals,13,3,0
2014,Cardinals,11,5,0
2013,Cardinals,10,6,0
2012,Cardinals,5,11,0
2011,Cardinals,8,8,0
2010,Cardinals,5,11,0
2009,Cardinals,10,6,0
2008,Cardinals,9,7,0
2007,Cardinals,8,8,0
2006,Cardinals,5,11,0
2005,Cardinals,5,11,0
2004,Cardinals,6,10,0
2003,Cardinals,4,12,0
2002,Cardinals,5,11,0
2001,Cardinals,7,9,0
2000,Cardinals,3,13,0
1999,Cardinals,6,10,0
1998,Cardinals,9,7,0
1997,Cardinals,4,12,0
1996,Cardinals,7,9,0
1995,Cardinals,4,12,0
1994,Cardinals,8,8,0
1993,Cardinals,7,9,0
1992,Cardinals,4,12,0
1991,Cardinals,4,12,0
1990,Cardinals,5,11,0
1989,Cardinals,5,11,0
1988,Cardinals,7,9,0
1987,Cardinals,7,8,0
1986,Cardinals,4,11,1
1985,Cardinals,5,11,0
1984,Cardinals,9,7,0
1983,Cardinals,8,7,1
1982,Cardinals,5,4,0
1981,Cardinals,7,9,0
1980,Cardinals,5,11,0
1979,Cardinals,5,11,0
1978,Cardinals,6,10,0
1977,Cardinals,7,7,0
1976,Cardinals,10,4,0
1975,Cardinals,11,3,0
1974,Cardinals,10,4,0
1973,Cardinals,4,9,1
1972,Cardinals,4,9,1
1971,Cardinals,4,9,1
2019,Rams,9,7,0
2018,Rams,13,3,0
2017,Rams,11,5,0
2016,Rams,4,12,0
2015,Rams,7,9,0
2014,Rams,6,10,0
2013,Rams,7,9,0
2012,Rams,7,8,1
2011,Rams,2,14,0
2010,Rams,7,9,0
2009,Rams,1,15,0
2008,Rams,2,14,0
2007,Rams,3,13,0
2006,Rams,8,8,0
2005,Rams,6,10,0
2004,Rams,8,8,0
2003,Rams,12,4,0
2002,Rams,7,9,0
2001,Rams,14,2,0
2000,Rams,10,6,0
1999,Rams,13,3,0
1998,Rams,4,12,0
1997,Rams,5,11,0
1996,Rams,6,10,0
1995,Rams,7,9,0
1994,Rams,4,12,0
1993,Rams,5,11,0
1992,Rams,6,10,0
1991,Rams,3,13,0
1990,Rams,5,11,0
1989,Rams,11,5,0
1988,Rams,10,6,0
1987,Rams,6,9,0
1986,Rams,10,6,0
1985,Rams,11,5,0
1984,Rams,10,6,0
1983,Rams,9,7,0
1982,Rams,2,7,0
1981,Rams,6,10,0
1980,Rams,11,5,0
1979,Rams,9,7,0
1978,Rams,12,4,0
1977,Rams,10,4,0
1976,Rams,10,3,1
1975,Rams,12,2,0
1974,Rams,10,4,0
1973,Rams,12,2,0
1972,Rams,6,7,1
1971,Rams,8,5,1
2019,49ers,13,3,0
2018,49ers,4,12,0
2017,49ers,6,10,0
2016,49ers,2,14,0
2015,49ers,5,11,0
2014,49ers,8,8,0
2013,49ers,12,4,0
2012,49ers,11,4,1
2011,49ers,13,3,0
2010,49ers,6,10,0
2009,49ers,8,8,0
2008,49ers,7,9,0
2007,49ers,5,11,0
2006,49ers,7,9,0
2005,49ers,4,12,0
2004,49ers,2,14,0
2003,49ers,7,9,0
2002,49ers,10,6,0
2001,49ers,12,4,0
2000,49ers,6,10,0
1999,49ers,4,12,0
1998,49ers,12,4,0
1997,49ers,13,3,0
1996,49ers,12,4,0
1995,49ers,11,5,0
1994,49ers,13,3,0
1993,49ers,10,6,0
1992,49ers,14,2,0
1991,49ers,10,6,0
1990,49ers,14,2,0
1989,49ers,14,2,0
1988,49ers,10,6,0
1987,49ers,13,2,0
1986,49ers,10,5,1
1985,49ers,10,6,0
1984,49ers,15,1,0
1983,49ers,10,6,0
1982,49ers,3,6,0
1981,49ers,13,3,0
1980,49ers,6,10,0
1979,49ers,2,14,0
1978,49ers,2,14,0
1977,49ers,5,9,0
1976,49ers,8,6,0
1975,49ers,5,9,0
1974,49ers,6,8,0
1973,49ers,5,9,0
1972,49ers,8,5,1
1971,49ers,9,5,0
2019,Cowboys,8,8,0
2018,Cowboys,10,6,0
2017,Cowboys,9,7,0
2016,Cowboys,13,3,0
2015,Cowboys,4,12,0
2014,Cowboys,12,4,0
2013,Cowboys,8,8,0
2012,Cowboys,8,8,0
2011,Cowboys,8,8,0
2010,Cowboys,6,10,0
2009,Cowboys,11,5,0
2008,Cowboys,9,7,0
2007,Cowboys,13,3,0
2006,Cowboys,9,7,0
2005,Cowboys,9,7,0
2004,Cowboys,6,10,0
2003,Cowboys,10,6,0
2002,Cowboys,5,11,0
2001,Cowboys,5,11,0
2000,Cowboys,5,11,0
1999,Cowboys,8,8,0
1998,Cowboys,10,6,0
1997,Cowboys,6,10,0
1996,Cowboys,10,6,0
1995,Cowboys,12,4,0
1994,Cowboys,12,4,0
1993,Cowboys,12,4,0
1992,Cowboys,13,3,0
1991,Cowboys,11,5,0
1990,Cowboys,7,9,0
1989,Cowboys,1,15,0
1988,Cowboys,3,13,0
1987,Cowboys,7,8,0
1986,Cowboys,7,9,0
1985,Cowboys,10,6,0
1984,Cowboys,9,7,0
1983,Cowboys,12,4,0
1982,Cowboys,6,3,0
1981,Cowboys,12,4,0
1980,Cowboys,12,4,0
1979,Cowboys,11,5,0
1978,Cowboys,12,4,0
1977,Cowboys,12,2,0
1976,Cowboys,11,3,0
1975,Cowboys,10,4,0
1974,Cowboys,8,6,0
1973,Cowboys,10,4,0
1972,Cowboys,10,4,0
1971,Cowboys,11,3,0
2019,Giants,4,12,0
2018,Giants,5,11,0
2017,Giants,3,13,0
2016,Giants,11,5,0
2015,Giants,6,10,0
2014,Giants,6,10,0
2013,Giants,7,9,0
2012,Giants,9,7,0
2011,Giants,9,7,0
2010,Giants,10,6,0
2009,Giants,8,8,0
2008,Giants,12,4,0
2007,Giants,10,6,0
2006,Giants,8,8,0
2005,Giants,11,5,0
2004,Giants,6,10,0
2003,Giants,4,12,0
2002,Giants,10,6,0
2001,Giants,7,9,0
2000,Giants,12,4,0
1999,Giants,7,9,0
1998,Giants,8,8,0
1997,Giants,10,5,1
1996,Giants,6,10,0
1995,Giants,5,11,0
1994,Giants,9,7,0
1993,Giants,11,5,0
1992,Giants,6,10,0
1991,Giants,8,8,0
1990,Giants,13,3,0
1989,Giants,12,4,0
1988,Giants,10,6,0
1987,Giants,6,9,0
1986,Giants,14,2,0
1985,Giants,10,6,0
1984,Giants,9,7,0
1983,Giants,3,12,1
1982,Giants,4,5,0
1981,Giants,9,7,0
1980,Giants,4,12,0
1979,Giants,6,10,0
1978,Giants,6,10,0
1977,Giants,5,9,0
1976,Giants,3,11,0
1975,Giants,5,9,0
1974,Giants,2,12,0
1973,Giants,2,11,1
1972,Giants,8,6,0
1971,Giants,4,10,0
2019,Eagles,9,7,0
2018,Eagles,9,7,0
2017,Eagles,13,3,0
2016,Eagles,7,9,0
2015,Eagles,7,9,0
2014,Eagles,10,6,0
2013,Eagles,10,6,0
2012,Eagles,4,12,0
2011,Eagles,8,8,0
2010,Eagles,10,6,0
2009,Eagles,11,5,0
2008,Eagles,9,6,1
2007,Eagles,8,8,0
2006,Eagles,10,6,0
2005,Eagles,6,10,0
2004,Eagles,13,3,0
2003,Eagles,12,4,0
2002,Eagles,12,4,0
2001,Eagles,11,5,0
2000,Eagles,11,5,0
1999,Eagles,5,11,0
1998,Eagles,3,13,0
1997,Eagles,6,9,1
1996,Eagles,10,6,0
1995,Eagles,10,6,0
1994,Eagles,7,9,0
1993,Eagles,8,8,0
1992,Eagles,11,5,0
1991,Eagles,10,6,0
1990,Eagles,10,6,0
1989,Eagles,11,5,0
1988,Eagles,10,6,0
1987,Eagles,7,8,0
1986,Eagles,5,10,1
1985,Eagles,7,9,0
1984,Eagles,6,9,1
1983,Eagles,5,11,0
1982,Eagles,3,6,0
1981,Eagles,10,6,0
1980,Eagles,12,4,0
1979,Eagles,11,5,0
1978,Eagles,9,7,0
1977,Eagles,5,9,0
1976,Eagles,4,10,0
1975,Eagles,4,10,0
1974,Eagles,7,7,0
1973,Eagles,5,8,1
1972,Eagles,2,11,1
1971,Eagles,6,7,1
2019,Redskins,3,13,0
2018,Redskins,7,9,0
2017,Redskins,7,9,0
2016,Redskins,8,7,1
2015,Redskins,9,7,0
2014,Redskins,4,12,0
2013,Redskins,3,13,0
2012,Redskins,10,6,0
2011,Redskins,5,11,0
2010,Redskins,6,10,0
2009,Redskins,4,12,0
2008,Redskins,8,8,0
2007,Redskins,9,7,0
2006,Redskins,5,11,0
2005,Redskins,10,6,0
2004,Redskins,6,10,0
2003,Redskins,5,11,0
2002,Redskins,7,9,0
2001,Redskins,8,8,0
2000,Redskins,8,8,0
1999,Redskins,10,6,0
1998,Redskins,6,10,0
1997,Redskins,8,7,1
1996,Redskins,9,7,0
1995,Redskins,6,10,0
1994,Redskins,3,13,0
1993,Redskins,4,12,0
1992,Redskins,9,7,0
1991,Redskins,14,2,0
1990,Redskins,10,6,0
1989,Redskins,10,6,0
1988,Redskins,7,9,0
1987,Redskins,11,4,0
1986,Redskins,12,4,0
1985,Redskins,10,6,0
1984,Redskins,11,5,0
1983,Redskins,14,2,0
1982,Redskins,8,1,0
1981,Redskins,8,8,0
1980,Redskins,6,10,0
1979,Redskins,10,6,0
1978,Redskins,8,8,0
1977,Redskins,9,5,0
1976,Redskins,10,4,0
1975,Redskins,8,6,0
1974,Redskins,10,4,0
1973,Redskins,10,4,0
1972,Redskins,11,3,0
1971,Redskins,9,4,1
2019,Saints,13,3,0
2018,Saints,13,3,0
2017,Saints,11,5,0
2016,Saints,7,9,0
2015,Saints,7,9,0
2014,Saints,7,9,0
2013,Saints,11,5,0
2012,Saints,7,9,0
2011,Saints,13,3,0
2010,Saints,11,5,0
2009,Saints,13,3,0
2008,Saints,8,8,0
2007,Saints,7,9,0
2006,Saints,10,6,0
2005,Saints,3,13,0
2004,Saints,8,8,0
2003,Saints,8,8,0
2002,Saints,9,7,0
2001,Saints,7,9,0
2000,Saints,10,6,0
1999,Saints,3,13,0
1998,Saints,6,10,0
1997,Saints,6,10,0
1996,Saints,3,13,0
1995,Saints,7,9,0
1994,Saints,7,9,0
1993,Saints,8,8,0
1992,Saints,12,4,0
1991,Saints,11,5,0
1990,Saints,8,8,0
1989,Saints,9,7,0
1988,Saints,10,6,0
1987,Saints,12,3,0
1986,Saints,7,9,0
1985,Saints,5,11,0
1984,Saints,7,9,0
1983,Saints,8,8,0
1982,Saints,4,5,0
1981,Saints,4,12,0
1980,Saints,1,15,0
1979,Saints,8,8,0
1978,Saints,7,9,0
1977,Saints,3,11,0
1976,Saints,4,10,0
1975,Saints,2,12,0
1974,Saints,5,9,0
1973,Saints,5,9,0
1972,Saints,2,11,1
1971,Saints,4,8,2
2019,Panthers,5,11,0
2018,Panthers,7,9,0
2017,Panthers,11,5,0
2016,Panthers,6,10,0
2015,Panthers,15,1,0
2014,Panthers,7,8,1
2013,Panthers,12,4,0
2012,Panthers,7,9,0
2011,Panthers,6,10,0
2010,Panthers,2,14,0
2009,Panthers,8,8,0
2008,Panthers,12,4,0
2007,Panthers,7,9,0
2006,Panthers,8,8,0
2005,Panthers,11,5,0
2004,Panthers,7,9,0
2003,Panthers,11,5,0
2002,Panthers,7,9,0
2001,Panthers,1,15,0
2000,Panthers,7,9,0
1999,Panthers,8,8,0
1998,Panthers,4,12,0
1997,Panthers,7,9,0
1996,Panthers,12,4,0
1995,Panthers,7,9,0
2019,Buccaneers,7,9,0
2018,Buccaneers,5,11,0
2017,Buccaneers,5,11,0
2016,Buccaneers,9,7,0
2015,Buccaneers,6,10,0
2014,Buccaneers,2,14,0
2013,Buccaneers,4,12,0
2012,Buccaneers,7,9,0
2011,Buccaneers,4,12,0
2010,Buccaneers,10,6,0
2009,Buccaneers,3,13,0
2008,Buccaneers,9,7,0
2007,Buccaneers,9,7,0
2006,Buccaneers,4,12,0
2005,Buccaneers,11,5,0
2004,Buccaneers,5,11,0
2003,Buccaneers,7,9,0
2002,Buccaneers,12,4,0
2001,Buccaneers,9,7,0
2000,Buccaneers,10,6,0
1999,Buccaneers,11,5,0
1998,Buccaneers,8,8,0
1997,Buccaneers,10,6,0
1996,Buccaneers,6,10,0
1995,Buccaneers,7,9,0
1994,Buccaneers,6,10,0
1993,Buccaneers,5,11,0
1992,Buccaneers,5,11,0
1991,Buccaneers,3,13,0
1990,Buccaneers,6,10,0
1989,Buccaneers,5,11,0
1988,Buccaneers,5,11,0
1987,Buccaneers,4,11,0
1986,Buccaneers,2,14,0
1985,Buccaneers,2,14,0
1984,Buccaneers,6,10,0
1983,Buccaneers,2,14,0
1982,Buccaneers,5,4,0
1981,Buccaneers,9,7,0
1980,Buccaneers,5,10,1
1979,Buccaneers,10,6,0
1978,Buccaneers,5,11,0
1977,Buccaneers,2,12,0
1976,Buccaneers,0,14,0
2019,Falcons,7,9,0
2018,Falcons,7,9,0
2017,Falcons,10,6,0
2016,Falcons,11,5,0
2015,Falcons,8,8,0
2014,Falcons,6,10,0
2013,Falcons,4,12,0
2012,Falcons,13,3,0
2011,Falcons,10,6,0
2010,Falcons,13,3,0
2009,Falcons,9,7,0
2008,Falcons,11,5,0
2007,Falcons,4,12,0
2006,Falcons,7,9,0
2005,Falcons,8,8,0
2004,Falcons,11,5,0
2003,Falcons,5,11,0
2002,Falcons,9,6,1
2001,Falcons,7,9,0
2000,Falcons,4,12,0
1999,Falcons,5,11,0
1998,Falcons,14,2,0
1997,Falcons,7,9,0
1996,Falcons,3,13,0
1995,Falcons,9,7,0
1994,Falcons,7,9,0
1993,Falcons,6,10,0
1992,Falcons,6,10,0
1991,Falcons,10,6,0
1990,Falcons,5,11,0
1989,Falcons,3,13,0
1988,Falcons,5,11,0
1987,Falcons,3,12,0
1986,Falcons,7,8,1
1985,Falcons,4,12,0
1984,Falcons,4,12,0
1983,Falcons,7,9,0
1982,Falcons,5,4,0
1981,Falcons,7,9,0
1980,Falcons,12,4,0
1979,Falcons,6,10,0
1978,Falcons,9,7,0
1977,Falcons,7,7,0
1976,Falcons,4,10,0
1975,Falcons,4,10,0
1974,Falcons,3,11,0
1973,Falcons,9,5,0
1972,Falcons,7,7,0
1971,Falcons,7,6,1
2019,Chargers,5,11,0
2018,Chargers,12,4,0
2017,Chargers,9,7,0
2016,Chargers,5,11,0
2015,Chargers,4,12,0
2014,Chargers,9,7,0
2013,Chargers,9,7,0
2012,Chargers,7,9,0
2011,Chargers,8,8,0
2010,Chargers,9,7,0
2009,Chargers,13,3,0
2008,Chargers,8,8,0
2007,Chargers,11,5,0
2006,Chargers,14,2,0
2005,Chargers,9,7,0
2004,Chargers,12,4,0
2003,Chargers,4,12,0
2002,Chargers,8,8,0
2001,Chargers,5,11,0
2000,Chargers,1,15,0
1999,Chargers,8,8,0
1998,Chargers,5,11,0
1997,Chargers,4,12,0
1996,Chargers,8,8,0
1995,Chargers,9,7,0
1994,Chargers,11,5,0
1993,Chargers,8,8,0
1992,Chargers,11,5,0
1991,Chargers,4,12,0
1990,Chargers,6,10,0
1989,Chargers,6,10,0
1988,Chargers,6,10,0
1987,Chargers,8,7,0
1986,Chargers,4,12,0
1985,Chargers,8,8,0
1984,Chargers,7,9,0
1983,Chargers,6,10,0
1982,Chargers,6,3,0
1981,Chargers,10,6,0
1980,Chargers,11,5,0
1979,Chargers,12,4,0
1978,Chargers,9,7,0
1977,Chargers,7,7,0
1976,Chargers,6,8,0
1975,Chargers,2,12,0
1974,Chargers,5,9,0
1973,Chargers,2,11,1
1972,Chargers,4,9,1
1971,Chargers,6,8,0
2019,Raiders,7,9,0
2018,Raiders,4,12,0
2017,Raiders,6,10,0
2016,Raiders,12,4,0
2015,Raiders,7,9,0
2014,Raiders,3,13,0
2013,Raiders,4,12,0
2012,Raiders,4,12,0
2011,Raiders,8,8,0
2010,Raiders,8,8,0
2009,Raiders,5,11,0
2008,Raiders,5,11,0
2007,Raiders,4,12,0
2006,Raiders,2,14,0
2005,Raiders,4,12,0
2004,Raiders,5,11,0
2003,Raiders,4,12,0
2002,Raiders,11,5,0
2001,Raiders,10,6,0
2000,Raiders,12,4,0
1999,Raiders,8,8,0
1998,Raiders,8,8,0
1997,Raiders,4,12,0
1996,Raiders,7,9,0
1995,Raiders,8,8,0
1994,Raiders,9,7,0
1993,Raiders,10,6,0
1992,Raiders,7,9,0
1991,Raiders,9,7,0
1990,Raiders,12,4,0
1989,Raiders,8,8,0
1988,Raiders,7,9,0
1987,Raiders,5,10,0
1986,Raiders,8,8,0
1985,Raiders,12,4,0
1984,Raiders,11,5,0
1983,Raiders,12,4,0
1982,Raiders,8,1,0
1981,Raiders,7,9,0
1980,Raiders,11,5,0
1979,Raiders,9,7,0
1978,Raiders,9,7,0
1977,Raiders,11,3,0
1976,Raiders,13,1,0
1975,Raiders,11,3,0
1974,Raiders,12,2,0
1973,Raiders,9,4,1
1972,Raiders,10,3,1
1971,Raiders,8,4,2
2019,Broncos,7,9,0
2018,Broncos,6,10,0
2017,Broncos,5,11,0
2016,Broncos,9,7,0
2015,Broncos,12,4,0
2014,Broncos,12,4,0
2013,Broncos,13,3,0
2012,Broncos,13,3,0
2011,Broncos,8,8,0
2010,Broncos,4,12,0
2009,Broncos,8,8,0
2008,Broncos,8,8,0
2007,Broncos,7,9,0
2006,Broncos,9,7,0
2005,Broncos,13,3,0
2004,Broncos,10,6,0
2003,Broncos,10,6,0
2002,Broncos,9,7,0
2001,Broncos,8,8,0
2000,Broncos,11,5,0
1999,Broncos,6,10,0
1998,Broncos,14,2,0
1997,Broncos,12,4,0
1996,Broncos,13,3,0
1995,Broncos,8,8,0
1994,Broncos,7,9,0
1993,Broncos,9,7,0
1992,Broncos,8,8,0
1991,Broncos,12,4,0
1990,Broncos,5,11,0
1989,Broncos,11,5,0
1988,Broncos,8,8,0
1987,Broncos,10,4,1
1986,Broncos,11,5,0
1985,Broncos,11,5,0
1984,Broncos,13,3,0
1983,Broncos,9,7,0
1982,Broncos,2,7,0
1981,Broncos,10,6,0
1980,Broncos,8,8,0
1979,Broncos,10,6,0
1978,Broncos,10,6,0
1977,Broncos,12,2,0
1976,Broncos,9,5,0
1975,Broncos,6,8,0
1974,Broncos,7,6,1
1973,Broncos,7,5,2
1972,Broncos,5,9,0
1971,Broncos,4,9,1
2019,Chiefs,12,4,0
2018,Chiefs,12,4,0
2017,Chiefs,10,6,0
2016,Chiefs,12,4,0
2015,Chiefs,11,5,0
2014,Chiefs,9,7,0
2013,Chiefs,11,5,0
2012,Chiefs,2,14,0
2011,Chiefs,7,9,0
2010,Chiefs,10,6,0
2009,Chiefs,4,12,0
2008,Chiefs,2,14,0
2007,Chiefs,4,12,0
2006,Chiefs,9,7,0
2005,Chiefs,10,6,0
2004,Chiefs,7,9,0
2003,Chiefs,13,3,0
2002,Chiefs,8,8,0
2001,Chiefs,6,10,0
2000,Chiefs,7,9,0
1999,Chiefs,9,7,0
1998,Chiefs,7,9,0
1997,Chiefs,13,3,0
1996,Chiefs,9,7,0
1995,Chiefs,13,3,0
1994,Chiefs,9,7,0
1993,Chiefs,11,5,0
1992,Chiefs,10,6,0
1991,Chiefs,10,6,0
1990,Chiefs,11,5,0
1989,Chiefs,8,7,1
1988,Chiefs,4,11,1
1987,Chiefs,4,11,0
1986,Chiefs,10,6,0
1985,Chiefs,6,10,0
1984,Chiefs,8,8,0
1983,Chiefs,6,10,0
1982,Chiefs,3,6,0
1981,Chiefs,9,7,0
1980,Chiefs,8,8,0
1979,Chiefs,7,9,0
1978,Chiefs,4,12,0
1977,Chiefs,2,12,0
1976,Chiefs,5,9,0
1975,Chiefs,5,9,0
1974,Chiefs,5,9,0
1973,Chiefs,7,5,2
1972,Chiefs,8,6,0
1971,Chiefs,10,3,1
2019,Colts,7,9,0
2018,Colts,10,6,0
2017,Colts,4,12,0
2016,Colts,8,8,0
2015,Colts,8,8,0
2014,Colts,11,5,0
2013,Colts,11,5,0
2012,Colts,11,5,0
2011,Colts,2,14,0
2010,Colts,10,6,0
2009,Colts,14,2,0
2008,Colts,12,4,0
2007,Colts,13,3,0
2006,Colts,12,4,0
2005,Colts,14,2,0
2004,Colts,12,4,0
2003,Colts,12,4,0
2002,Colts,10,6,0
2001,Colts,6,10,0
2000,Colts,10,6,0
1999,Colts,13,3,0
1998,Colts,3,13,0
1997,Colts,3,13,0
1996,Colts,9,7,0
1995,Colts,9,7,0
1994,Colts,8,8,0
1993,Colts,4,12,0
1992,Colts,9,7,0
1991,Colts,1,15,0
1990,Colts,7,9,0
1989,Colts,8,8,0
1988,Colts,9,7,0
1987,Colts,9,6,0
1986,Colts,3,13,0
1985,Colts,5,11,0
1984,Colts,4,12,0
1983,Colts,7,9,0
1982,Colts,0,8,1
1981,Colts,2,14,0
1980,Colts,7,9,0
1979,Colts,5,11,0
1978,Colts,5,11,0
1977,Colts,10,4,0
1976,Colts,11,3,0
1975,Colts,10,4,0
1974,Colts,2,12,0
1973,Colts,4,10,0
1972,Colts,5,9,0
1971,Colts,10,4,0
2019,Jaguars,6,10,0
2018,Jaguars,5,11,0
2017,Jaguars,10,6,0
2016,Jaguars,3,13,0
2015,Jaguars,5,11,0
2014,Jaguars,3,13,0
2013,Jaguars,4,12,0
2012,Jaguars,2,14,0
2011,Jaguars,5,11,0
2010,Jaguars,8,8,0
2009,Jaguars,7,9,0
2008,Jaguars,5,11,0
2007,Jaguars,11,5,0
2006,Jaguars,8,8,0
2005,Jaguars,12,4,0
2004,Jaguars,9,7,0
2003,Jaguars,5,11,0
2002,Jaguars,6,10,0
2001,Jaguars,6,10,0
2000,Jaguars,7,9,0
1999,Jaguars,14,2,0
1998,Jaguars,11,5,0
1997,Jaguars,11,5,0
1996,Jaguars,9,7,0
1995,Jaguars,4,12,0
2019,Texans,10,6,0
2018,Texans,11,5,0
2017,Texans,4,12,0
2016,Texans,9,7,0
2015,Texans,9,7,0
2014,Texans,9,7,0
2013,Texans,2,14,0
2012,Texans,12,4,0
2011,Texans,10,6,0
2010,Texans,6,10,0
2009,Texans,9,7,0
2008,Texans,8,8,0
2007,Texans,8,8,0
2006,Texans,6,10,0
2005,Texans,2,14,0
2004,Texans,7,9,0
2003,Texans,5,11,0
2002,Texans,4,12,0
2019,Titans,9,7,0
2018,Titans,9,7,0
2017,Titans,9,7,0
2016,Titans,9,7,0
2015,Titans,3,13,0
2014,Titans,2,14,0
2013,Titans,7,9,0
2012,Titans,6,10,0
2011,Titans,9,7,0
2010,Titans,6,10,0
2009,Titans,8,8,0
2008,Titans,13,3,0
2007,Titans,10,6,0
2006,Titans,8,8,0
2005,Titans,4,12,0
2004,Titans,5,11,0
2003,Titans,12,4,0
2002,Titans,11,5,0
2001,Titans,7,9,0
2000,Titans,13,3,0
1999,Titans,13,3,0
1998,Oilers,8,8,0
1997,Oilers,8,8,0
1996,Oilers,8,8,0
1995,Oilers,7,9,0
1994,Oilers,2,14,0
1993,Oilers,12,4,0
1992,Oilers,10,6,0
1991,Oilers,11,5,0
1990,Oilers,9,7,0
1989,Oilers,9,7,0
1988,Oilers,10,6,0
1987,Oilers,9,6,0
1986,Oilers,5,11,0
1985,Oilers,5,11,0
1984,Oilers,3,13,0
1983,Oilers,2,14,0
1982,Oilers,1,8,0
1981,Oilers,7,9,0
1980,Oilers,11,5,0
1979,Oilers,11,5,0
1978,Oilers,10,6,0
1977,Oilers,8,6,0
1976,Oilers,5,9,0
1975,Oilers,10,4,0
1974,Oilers,7,7,0
1973,Oilers,1,13,0
1972,Oilers,1,13,0
1971,Oilers,4,9,1
2019,Steelers,8,8,0
2018,Steelers,9,6,1
2017,Steelers,13,3,0
2016,Steelers,11,5,0
2015,Steelers,10,6,0
2014,Steelers,11,5,0
2013,Steelers,8,8,0
2012,Steelers,8,8,0
2011,Steelers,12,4,0
2010,Steelers,12,4,0
2009,Steelers,9,7,0
2008,Steelers,12,4,0
2007,Steelers,10,6,0
2006,Steelers,8,8,0
2005,Steelers,11,5,0
2004,Steelers,15,1,0
2003,Steelers,6,10,0
2002,Steelers,10,5,1
2001,Steelers,13,3,0
2000,Steelers,9,7,0
1999,Steelers,6,10,0
1998,Steelers,7,9,0
1997,Steelers,11,5,0
1996,Steelers,10,6,0
1995,Steelers,11,5,0
1994,Steelers,12,4,0
1993,Steelers,9,7,0
1992,Steelers,11,5,0
1991,Steelers,7,9,0
1990,Steelers,9,7,0
1989,Steelers,9,7,0
1988,Steelers,5,11,0
1987,Steelers,8,7,0
1986,Steelers,6,10,0
1985,Steelers,7,9,0
1984,Steelers,9,7,0
1983,Steelers,10,6,0
1982,Steelers,6,3,0
1981,Steelers,8,8,0
1980,Steelers,9,7,0
1979,Steelers,12,4,0
1978,Steelers,14,2,0
1977,Steelers,9,5,0
1976,Steelers,10,4,0
1975,Steelers,12,2,0
1974,Steelers,10,3,1
1973,Steelers,10,4,0
1972,Steelers,11,3,0
1971,Steelers,6,8,0
2019,Ravens,14,2,0
2018,Ravens,10,6,0
2017,Ravens,9,7,0
2016,Ravens,8,8,0
2015,Ravens,5,11,0
2014,Ravens,10,6,0
2013,Ravens,8,8,0
2012,Ravens,10,6,0
2011,Ravens,12,4,0
2010,Ravens,12,4,0
2009,Ravens,9,7,0
2008,Ravens,11,5,0
2007,Ravens,5,11,0
2006,Ravens,13,3,0
2005,Ravens,6,10,0
2004,Ravens,9,7,0
2003,Ravens,10,6,0
2002,Ravens,7,9,0
2001,Ravens,10,6,0
2000,Ravens,12,4,0
1999,Ravens,8,8,0
1998,Ravens,6,10,0
1997,Ravens,6,9,1
1996,Ravens,4,12,0
2019,Bengals,2,14,0
2018,Bengals,6,10,0
2017,Bengals,7,9,0
2016,Bengals,6,9,1
2015,Bengals,12,4,0
2014,Bengals,10,5,1
2013,Bengals,11,5,0
2012,Bengals,10,6,0
2011,Bengals,9,7,0
2010,Bengals,4,12,0
2009,Bengals,10,6,0
2008,Bengals,4,11,1
2007,Bengals,7,9,0
2006,Bengals,8,8,0
2005,Bengals,11,5,0
2004,Bengals,8,8,0
2003,Bengals,8,8,0
2002,Bengals,2,14,0
2001,Bengals,6,10,0
2000,Bengals,4,12,0
1999,Bengals,4,12,0
1998,Bengals,3,13,0
1997,Bengals,7,9,0
1996,Bengals,8,8,0
1995,Bengals,7,9,0
1994,Bengals,3,13,0
1993,Bengals,3,13,0
1992,Bengals,5,11,0
1991,Bengals,3,13,0
1990,Bengals,9,7,0
1989,Bengals,8,8,0
1988,Bengals,12,4,0
1987,Bengals,4,11,0
1986,Bengals,10,6,0
1985,Bengals,7,9,0
1984,Bengals,8,8,0
1983,Bengals,7,9,0
1982,Bengals,7,2,0
1981,Bengals,12,4,0
1980,Bengals,6,10,0
1979,Bengals,4,12,0
1978,Bengals,4,12,0
1977,Bengals,8,6,0
1976,Bengals,10,4,0
1975,Bengals,11,3,0
1974,Bengals,7,7,0
1973,Bengals,10,4,0
1972,Bengals,8,6,0
1971,Bengals,4,10,0
2019,Browns,6,10,0
2018,Browns,7,8,1
2017,Browns,0,16,0
2016,Browns,1,15,0
2015,Browns,3,13,0
2014,Browns,7,9,0
2013,Browns,4,12,0
2012,Browns,5,11,0
2011,Browns,4,12,0
2010,Browns,5,11,0
2009,Browns,5,11,0
2008,Browns,4,12,0
2007,Browns,10,6,0
2006,Browns,4,12,0
2005,Browns,6,10,0
2004,Browns,4,12,0
2003,Browns,5,11,0
2002,Browns,9,7,0
2001,Browns,7,9,0
2000,Browns,3,13,0
1999,Browns,2,14,0
1995,Browns,5,11,0
1994,Browns,11,5,0
1993,Browns,7,9,0
1992,Browns,7,9,0
1991,Browns,6,10,0
1990,Browns,3,13,0
1989,Browns,9,6,1
1988,Browns,10,6,0
1987,Browns,10,5,0
1986,Browns,12,4,0
1985,Browns,8,8,0
1984,Browns,5,11,0
1983,Browns,9,7,0
1982,Browns,4,5,0
1981,Browns,5,11,0
1980,Browns,11,5,0
1979,Browns,9,7,0
1978,Browns,8,8,0
1977,Browns,6,8,0
1976,Browns,9,5,0
1975,Browns,3,11,0
1974,Browns,4,10,0
1973,Browns,7,5,2
1972,Browns,10,4,0
1971,Browns,9,5,0
2019,Patriots,12,4,0
2018,Patriots,11,5,0
2017,Patriots,13,3,0
2016,Patriots,14,2,0
2015,Patriots,12,4,0
2014,Patriots,12,4,0
2013,Patriots,12,4,0
2012,Patriots,12,4,0
2011,Patriots,13,3,0
2010,Patriots,14,2,0
2009,Patriots,10,6,0
2008,Patriots,11,5,0
2007,Patriots,16,0,0
2006,Patriots,12,4,0
2005,Patriots,10,6,0
2004,Patriots,14,2,0
2003,Patriots,14,2,0
2002,Patriots,9,7,0
2001,Patriots,11,5,0
2000,Patriots,5,11,0
1999,Patriots,8,8,0
1998,Patriots,9,7,0
1997,Patriots,10,6,0
1996,Patriots,11,5,0
1995,Patriots,6,10,0
1994,Patriots,10,6,0
1993,Patriots,5,11,0
1992,Patriots,2,14,0
1991,Patriots,6,10,0
1990,Patriots,1,15,0
1989,Patriots,5,11,0
1988,Patriots,9,7,0
1987,Patriots,8,7,0
1986,Patriots,11,5,0
1985,Patriots,11,5,0
1984,Patriots,9,7,0
1983,Patriots,8,8,0
1982,Patriots,5,4,0
1981,Patriots,2,14,0
1980,Patriots,10,6,0
1979,Patriots,9,7,0
1978,Patriots,11,5,0
1977,Patriots,9,5,0
1976,Patriots,11,3,0
1975,Patriots,3,11,0
1974,Patriots,7,7,0
1973,Patriots,5,9,0
1972,Patriots,3,11,0
1971,Patriots,6,8,0
2019,Jets,7,9,0
2018,Jets,4,12,0
2017,Jets,5,11,0
2016,Jets,5,11,0
2015,Jets,10,6,0
2014,Jets,4,12,0
2013,Jets,8,8,0
2012,Jets,6,10,0
2011,Jets,8,8,0
2010,Jets,11,5,0
2009,Jets,9,7,0
2008,Jets,9,7,0
2007,Jets,4,12,0
2006,Jets,10,6,0
2005,Jets,4,12,0
2004,Jets,10,6,0
2003,Jets,6,10,0
2002,Jets,9,7,0
2001,Jets,10,6,0
2000,Jets,9,7,0
1999,Jets,8,8,0
1998,Jets,12,4,0
1997,Jets,9,7,0
1996,Jets,1,15,0
1995,Jets,3,13,0
1994,Jets,6,10,0
1993,Jets,8,8,0
1992,Jets,4,12,0
1991,Jets,8,8,0
1990,Jets,6,10,0
1989,Jets,4,12,0
1988,Jets,8,7,1
1987,Jets,6,9,0
1986,Jets,10,6,0
1985,Jets,11,5,0
1984,Jets,7,9,0
1983,Jets,7,9,0
1982,Jets,6,3,0
1981,Jets,10,5,1
1980,Jets,4,12,0
1979,Jets,8,8,0
1978,Jets,8,8,0
1977,Jets,3,11,0
1976,Jets,3,11,0
1975,Jets,3,11,0
1974,Jets,7,7,0
1973,Jets,4,10,0
1972,Jets,7,7,0
1971,Jets,6,8,0
2019,Dolphins,5,11,0
2018,Dolphins,7,9,0
2017,Dolphins,6,10,0
2016,Dolphins,10,6,0
2015,Dolphins,6,10,0
2014,Dolphins,8,8,0
2013,Dolphins,8,8,0
2012,Dolphins,7,9,0
2011,Dolphins,6,10,0
2010,Dolphins,7,9,0
2009,Dolphins,7,9,0
2008,Dolphins,11,5,0
2007,Dolphins,1,15,0
2006,Dolphins,6,10,0
2005,Dolphins,9,7,0
2004,Dolphins,4,12,0
2003,Dolphins,10,6,0
2002,Dolphins,9,7,0
2001,Dolphins,11,5,0
2000,Dolphins,11,5,0
1999,Dolphins,9,7,0
1998,Dolphins,10,6,0
1997,Dolphins,9,7,0
1996,Dolphins,8,8,0
1995,Dolphins,9,7,0
1994,Dolphins,10,6,0
1993,Dolphins,9,7,0
1992,Dolphins,11,5,0
1991,Dolphins,8,8,0
1990,Dolphins,12,4,0
1989,Dolphins,8,8,0
1988,Dolphins,6,10,0
1987,Dolphins,8,7,0
1986,Dolphins,8,8,0
1985,Dolphins,12,4,0
1984,Dolphins,14,2,0
1983,Dolphins,12,4,0
1982,Dolphins,7,2,0
1981,Dolphins,11,4,1
1980,Dolphins,8,8,0
1979,Dolphins,10,6,0
1978,Dolphins,11,5,0
1977,Dolphins,10,4,0
1976,Dolphins,6,8,0
1975,Dolphins,10,4,0
1974,Dolphins,11,3,0
1973,Dolphins,12,2,0
1972,Dolphins,14,0,0
1971,Dolphins,10,3,1
2019,Bills,10,6,0
2018,Bills,6,10,0
2017,Bills,9,7,0
2016,Bills,7,9,0
2015,Bills,8,8,0
2014,Bills,9,7,0
2013,Bills,6,10,0
2012,Bills,6,10,0
2011,Bills,6,10,0
2010,Bills,4,12,0
2009,Bills,6,10,0
2008,Bills,7,9,0
2007,Bills,7,9,0
2006,Bills,7,9,0
2005,Bills,5,11,0
2004,Bills,9,7,0
2003,Bills,6,10,0
2002,Bills,8,8,0
2001,Bills,3,13,0
2000,Bills,8,8,0
1999,Bills,11,5,0
1998,Bills,10,6,0
1997,Bills,6,10,0
1996,Bills,10,6,0
1995,Bills,10,6,0
1994,Bills,7,9,0
1993,Bills,12,4,0
1992,Bills,11,5,0
1991,Bills,13,3,0
1990,Bills,13,3,0
1989,Bills,9,7,0
1988,Bills,12,4,0
1987,Bills,7,8,0
1986,Bills,4,12,0
1985,Bills,2,14,0
1984,Bills,2,14,0
1983,Bills,8,8,0
1982,Bills,4,5,0
1981,Bills,10,6,0
1980,Bills,11,5,0
1979,Bills,7,9,0
1978,Bills,5,11,0
1977,Bills,3,11,0
1976,Bills,2,12,0
1975,Bills,8,6,0
1974,Bills,9,5,0
1973,Bills,9,5,0
1972,Bills,4,9,1
1971,Bills,1,13,0
